id,created_at,title_en,title_so,title_ar,content_en,content_so,content_ar,image_url,video_url,category
c911075a-d8e6-4385-88de-b1d024730ceb,2023-08-18 00:00:00,Sample Article 1,Maqaal Tijaabo 1,مقالة تجريبية 1,This is the English content for article 1.,Tani waa nuxurka Ingiriisiga ee maqaalka 1.,هذا هو المحتوى الإنجليزي للمقالة 1.,https://picsum.photos/seed/1/600/400,https://example.com/video1.mp4,Education
e068b9b0-9f39-4ebe-871f-4a911340e9db,2023-01-05 00:00:00,Sample Article 2,Maqaal Tijaabo 2,مقالة تجريبية 2,This is the English content for article 2.,Tani waa nuxurka Ingiriisiga ee maqaalka 2.,هذا هو المحتوى الإنجليزي للمقالة 2.,https://picsum.photos/seed/2/600/400,https://example.com/video2.mp4,Business
2e930afa-1c68-4500-93c8-8b1195da8cb2,2023-07-09 00:00:00,Sample Article 3,Maqaal Tijaabo 3,مقالة تجريبية 3,This is the English content for article 3.,Tani waa nuxurka Ingiriisiga ee maqaalka 3.,هذا هو المحتوى الإنجليزي للمقالة 3.,https://picsum.photos/seed/3/600/400,https://example.com/video3.mp4,Sports
8de0c7f2-ae42-40d1-963c-2a7293a5e30a,2024-07-17 00:00:00,Sample Article 4,Maqaal Tijaabo 4,مقالة تجريبية 4,This is the English content for article 4.,Tani waa nuxurka Ingiriisiga ee maqaalka 4.,هذا هو المحتوى الإنجليزي للمقالة 4.,https://picsum.photos/seed/4/600/400,https://example.com/video4.mp4,News
bf5ad7b8-2434-492c-91f9-b4efffe34e1f,2024-01-01 00:00:00,Sample Article 5,Maqaal Tijaabo 5,مقالة تجريبية 5,This is the English content for article 5.,Tani waa nuxurka Ingiriisiga ee maqaalka 5.,هذا هو المحتوى الإنجليزي للمقالة 5.,https://picsum.photos/seed/5/600/400,https://example.com/video5.mp4,Business
c3d33b35-0123-4dd8-b858-0a0a87f1ada2,2023-08-18 00:00:00,Sample Article 6,Maqaal Tijaabo 6,مقالة تجريبية 6,This is the English content for article 6.,Tani waa nuxurka Ingiriisiga ee maqaalka 6.,هذا هو المحتوى الإنجليزي للمقالة 6.,https://picsum.photos/seed/6/600/400,https://example.com/video6.mp4,Sports
9cddd286-34cb-4673-aefb-a0d81f82c70f,2023-09-23 00:00:00,Sample Article 7,Maqaal Tijaabo 7,مقالة تجريبية 7,This is the English content for article 7.,Tani waa nuxurka Ingiriisiga ee maqaalka 7.,هذا هو المحتوى الإنجليزي للمقالة 7.,https://picsum.photos/seed/7/600/400,https://example.com/video7.mp4,News
202190db-e57a-4d69-ba0e-2a9cd75c55e5,2023-06-03 00:00:00,Sample Article 8,Maqaal Tijaabo 8,مقالة تجريبية 8,This is the English content for article 8.,Tani waa nuxurka Ingiriisiga ee maqaalka 8.,هذا هو المحتوى الإنجليزي للمقالة 8.,https://picsum.photos/seed/8/600/400,https://example.com/video8.mp4,Business
f419a1a8-d412-486f-b44e-234a802dd19a,2023-09-23 00:00:00,Sample Article 9,Maqaal Tijaabo 9,مقالة تجريبية 9,This is the English content for article 9.,Tani waa nuxurka Ingiriisiga ee maqaalka 9.,هذا هو المحتوى الإنجليزي للمقالة 9.,https://picsum.photos/seed/9/600/400,https://example.com/video9.mp4,Entertainment
c1ab9f6b-d4ea-4b4d-b62f-3881a054ce42,2023-09-26 00:00:00,Sample Article 10,Maqaal Tijaabo 10,مقالة تجريبية 10,This is the English content for article 10.,Tani waa nuxurka Ingiriisiga ee maqaalka 10.,هذا هو المحتوى الإنجليزي للمقالة 10.,https://picsum.photos/seed/10/600/400,https://example.com/video10.mp4,Entertainment
231b91ef-dee0-43fa-a569-c4092cfdb9f0,2024-01-27 00:00:00,Sample Article 11,Maqaal Tijaabo 11,مقالة تجريبية 11,This is the English content for article 11.,Tani waa nuxurka Ingiriisiga ee maqaalka 11.,هذا هو المحتوى الإنجليزي للمقالة 11.,https://picsum.photos/seed/11/600/400,https://example.com/video11.mp4,Business
c684bdbb-9d26-452e-9cfb-8e2cf87477f1,2024-05-31 00:00:00,Sample Article 12,Maqaal Tijaabo 12,مقالة تجريبية 12,This is the English content for article 12.,Tani waa nuxurka Ingiriisiga ee maqaalka 12.,هذا هو المحتوى الإنجليزي للمقالة 12.,https://picsum.photos/seed/12/600/400,https://example.com/video12.mp4,Health
b8013949-c8d6-47dd-99a4-4b69725f7df0,2023-07-07 00:00:00,Sample Article 13,Maqaal Tijaabo 13,مقالة تجريبية 13,This is the English content for article 13.,Tani waa nuxurka Ingiriisiga ee maqaalka 13.,هذا هو المحتوى الإنجليزي للمقالة 13.,https://picsum.photos/seed/13/600/400,https://example.com/video13.mp4,Education
9be4b801-e23b-4300-a2f6-a331929cccef,2023-05-01 00:00:00,Sample Article 14,Maqaal Tijaabo 14,مقالة تجريبية 14,This is the English content for article 14.,Tani waa nuxurka Ingiriisiga ee maqaalka 14.,هذا هو المحتوى الإنجليزي للمقالة 14.,https://picsum.photos/seed/14/600/400,https://example.com/video14.mp4,Entertainment
804fa436-b649-4cac-9062-8c1fef8b198a,2024-02-08 00:00:00,Sample Article 15,Maqaal Tijaabo 15,مقالة تجريبية 15,This is the English content for article 15.,Tani waa nuxurka Ingiriisiga ee maqaalka 15.,هذا هو المحتوى الإنجليزي للمقالة 15.,https://picsum.photos/seed/15/600/400,https://example.com/video15.mp4,Entertainment
ab96ead6-415d-45d7-92d1-ce6c214cf007,2023-09-23 00:00:00,Sample Article 16,Maqaal Tijaabo 16,مقالة تجريبية 16,This is the English content for article 16.,Tani waa nuxurka Ingiriisiga ee maqaalka 16.,هذا هو المحتوى الإنجليزي للمقالة 16.,https://picsum.photos/seed/16/600/400,https://example.com/video16.mp4,Entertainment
d54c4101-2146-43e3-b2ea-88e99a8ad27f,2023-10-17 00:00:00,Sample Article 17,Maqaal Tijaabo 17,مقالة تجريبية 17,This is the English content for article 17.,Tani waa nuxurka Ingiriisiga ee maqaalka 17.,هذا هو المحتوى الإنجليزي للمقالة 17.,https://picsum.photos/seed/17/600/400,https://example.com/video17.mp4,Business
e96f5fcd-c1c8-45d7-9faf-263e99e22e1a,2023-04-21 00:00:00,Sample Article 18,Maqaal Tijaabo 18,مقالة تجريبية 18,This is the English content for article 18.,Tani waa nuxurka Ingiriisiga ee maqaalka 18.,هذا هو المحتوى الإنجليزي للمقالة 18.,https://picsum.photos/seed/18/600/400,https://example.com/video18.mp4,Sports
05d05ffd-6bbf-4df0-8386-3dc331549255,2023-07-16 00:00:00,Sample Article 19,Maqaal Tijaabo 19,مقالة تجريبية 19,This is the English content for article 19.,Tani waa nuxurka Ingiriisiga ee maqaalka 19.,هذا هو المحتوى الإنجليزي للمقالة 19.,https://picsum.photos/seed/19/600/400,https://example.com/video19.mp4,Technology
7a8e8686-1684-445c-a170-2931a7465908,2023-03-10 00:00:00,Sample Article 20,Maqaal Tijaabo 20,مقالة تجريبية 20,This is the English content for article 20.,Tani waa nuxurka Ingiriisiga ee maqaalka 20.,هذا هو المحتوى الإنجليزي للمقالة 20.,https://picsum.photos/seed/20/600/400,https://example.com/video20.mp4,Education
7cc065bf-4d5e-45be-87e6-55c66e2055c2,2023-10-11 00:00:00,Sample Article 21,Maqaal Tijaabo 21,مقالة تجريبية 21,This is the English content for article 21.,Tani waa nuxurka Ingiriisiga ee maqaalka 21.,هذا هو المحتوى الإنجليزي للمقالة 21.,https://picsum.photos/seed/21/600/400,https://example.com/video21.mp4,Education
92ef18f6-4831-466a-a3d3-ff4b0dfff555,2024-06-13 00:00:00,Sample Article 22,Maqaal Tijaabo 22,مقالة تجريبية 22,This is the English content for article 22.,Tani waa nuxurka Ingiriisiga ee maqaalka 22.,هذا هو المحتوى الإنجليزي للمقالة 22.,https://picsum.photos/seed/22/600/400,https://example.com/video22.mp4,Sports
28661eb5-5ca6-4bc3-8ea5-6c1573afc516,2023-01-22 00:00:00,Sample Article 23,Maqaal Tijaabo 23,مقالة تجريبية 23,This is the English content for article 23.,Tani waa nuxurka Ingiriisiga ee maqaalka 23.,هذا هو المحتوى الإنجليزي للمقالة 23.,https://picsum.photos/seed/23/600/400,https://example.com/video23.mp4,Education
d3a0b26b-3672-4a58-b54c-ff263172f551,2023-11-11 00:00:00,Sample Article 24,Maqaal Tijaabo 24,مقالة تجريبية 24,This is the English content for article 24.,Tani waa nuxurka Ingiriisiga ee maqaalka 24.,هذا هو المحتوى الإنجليزي للمقالة 24.,https://picsum.photos/seed/24/600/400,https://example.com/video24.mp4,Sports
ad1b8017-553a-419e-ab97-26ee1d2e7d0f,2023-12-21 00:00:00,Sample Article 25,Maqaal Tijaabo 25,مقالة تجريبية 25,This is the English content for article 25.,Tani waa nuxurka Ingiriisiga ee maqaalka 25.,هذا هو المحتوى الإنجليزي للمقالة 25.,https://picsum.photos/seed/25/600/400,https://example.com/video25.mp4,Sports
d798c2b8-0087-4c0b-9584-2e64d4b9cc0d,2023-07-09 00:00:00,Sample Article 26,Maqaal Tijaabo 26,مقالة تجريبية 26,This is the English content for article 26.,Tani waa nuxurka Ingiriisiga ee maqaalka 26.,هذا هو المحتوى الإنجليزي للمقالة 26.,https://picsum.photos/seed/26/600/400,https://example.com/video26.mp4,Health
ed2846e0-414f-4efe-9bfc-466f2ce928a9,2024-05-31 00:00:00,Sample Article 27,Maqaal Tijaabo 27,مقالة تجريبية 27,This is the English content for article 27.,Tani waa nuxurka Ingiriisiga ee maqaalka 27.,هذا هو المحتوى الإنجليزي للمقالة 27.,https://picsum.photos/seed/27/600/400,https://example.com/video27.mp4,Sports
624dfe39-7f77-49fb-9690-03bf4e4229e0,2023-10-04 00:00:00,Sample Article 28,Maqaal Tijaabo 28,مقالة تجريبية 28,This is the English content for article 28.,Tani waa nuxurka Ingiriisiga ee maqaalka 28.,هذا هو المحتوى الإنجليزي للمقالة 28.,https://picsum.photos/seed/28/600/400,https://example.com/video28.mp4,Health
d7b2d57d-ffdf-437f-b0e9-beb183619595,2023-06-23 00:00:00,Sample Article 29,Maqaal Tijaabo 29,مقالة تجريبية 29,This is the English content for article 29.,Tani waa nuxurka Ingiriisiga ee maqaalka 29.,هذا هو المحتوى الإنجليزي للمقالة 29.,https://picsum.photos/seed/29/600/400,https://example.com/video29.mp4,Business
3f2c23f6-693b-4a58-a934-52e65283e334,2023-04-26 00:00:00,Sample Article 30,Maqaal Tijaabo 30,مقالة تجريبية 30,This is the English content for article 30.,Tani waa nuxurka Ingiriisiga ee maqaalka 30.,هذا هو المحتوى الإنجليزي للمقالة 30.,https://picsum.photos/seed/30/600/400,https://example.com/video30.mp4,News
5b7c2ece-5472-4606-90da-a34f5be80130,2023-11-13 00:00:00,Sample Article 31,Maqaal Tijaabo 31,مقالة تجريبية 31,This is the English content for article 31.,Tani waa nuxurka Ingiriisiga ee maqaalka 31.,هذا هو المحتوى الإنجليزي للمقالة 31.,https://picsum.photos/seed/31/600/400,https://example.com/video31.mp4,Technology
b6efde17-b76d-4ff8-947f-94df137d7308,2023-02-22 00:00:00,Sample Article 32,Maqaal Tijaabo 32,مقالة تجريبية 32,This is the English content for article 32.,Tani waa nuxurka Ingiriisiga ee maqaalka 32.,هذا هو المحتوى الإنجليزي للمقالة 32.,https://picsum.photos/seed/32/600/400,https://example.com/video32.mp4,Business
9bea1fb1-04f9-4582-bd2b-e83ab31c94aa,2024-06-20 00:00:00,Sample Article 33,Maqaal Tijaabo 33,مقالة تجريبية 33,This is the English content for article 33.,Tani waa nuxurka Ingiriisiga ee maqaalka 33.,هذا هو المحتوى الإنجليزي للمقالة 33.,https://picsum.photos/seed/33/600/400,https://example.com/video33.mp4,News
0b4b3dde-8ec0-4d2a-b290-d5a735e7c4cd,2023-06-23 00:00:00,Sample Article 34,Maqaal Tijaabo 34,مقالة تجريبية 34,This is the English content for article 34.,Tani waa nuxurka Ingiriisiga ee maqaalka 34.,هذا هو المحتوى الإنجليزي للمقالة 34.,https://picsum.photos/seed/34/600/400,https://example.com/video34.mp4,Business
effcffc2-d9e9-463e-a90a-d2540c12a592,2023-10-25 00:00:00,Sample Article 35,Maqaal Tijaabo 35,مقالة تجريبية 35,This is the English content for article 35.,Tani waa nuxurka Ingiriisiga ee maqaalka 35.,هذا هو المحتوى الإنجليزي للمقالة 35.,https://picsum.photos/seed/35/600/400,https://example.com/video35.mp4,Business
f6cead13-f6b7-4044-abe0-942158d06e2f,2024-01-08 00:00:00,Sample Article 36,Maqaal Tijaabo 36,مقالة تجريبية 36,This is the English content for article 36.,Tani waa nuxurka Ingiriisiga ee maqaalka 36.,هذا هو المحتوى الإنجليزي للمقالة 36.,https://picsum.photos/seed/36/600/400,https://example.com/video36.mp4,Sports
b1e9a006-8804-4cc8-9c47-71e0d56896b1,2024-02-26 00:00:00,Sample Article 37,Maqaal Tijaabo 37,مقالة تجريبية 37,This is the English content for article 37.,Tani waa nuxurka Ingiriisiga ee maqaalka 37.,هذا هو المحتوى الإنجليزي للمقالة 37.,https://picsum.photos/seed/37/600/400,https://example.com/video37.mp4,Sports
25029729-1496-4e3e-943d-dd72142b6d22,2023-08-12 00:00:00,Sample Article 38,Maqaal Tijaabo 38,مقالة تجريبية 38,This is the English content for article 38.,Tani waa nuxurka Ingiriisiga ee maqaalka 38.,هذا هو المحتوى الإنجليزي للمقالة 38.,https://picsum.photos/seed/38/600/400,https://example.com/video38.mp4,Health
0ea938d8-bd6f-428a-bc2b-5f95feefedfe,2023-09-22 00:00:00,Sample Article 39,Maqaal Tijaabo 39,مقالة تجريبية 39,This is the English content for article 39.,Tani waa nuxurka Ingiriisiga ee maqaalka 39.,هذا هو المحتوى الإنجليزي للمقالة 39.,https://picsum.photos/seed/39/600/400,https://example.com/video39.mp4,Business
78a66547-6a47-4af4-998d-b0a4cc686f52,2023-11-04 00:00:00,Sample Article 40,Maqaal Tijaabo 40,مقالة تجريبية 40,This is the English content for article 40.,Tani waa nuxurka Ingiriisiga ee maqaalka 40.,هذا هو المحتوى الإنجليزي للمقالة 40.,https://picsum.photos/seed/40/600/400,https://example.com/video40.mp4,Education
c7a8f523-12b5-4e53-a90d-401ff672fde4,2024-06-16 00:00:00,Sample Article 41,Maqaal Tijaabo 41,مقالة تجريبية 41,This is the English content for article 41.,Tani waa nuxurka Ingiriisiga ee maqaalka 41.,هذا هو المحتوى الإنجليزي للمقالة 41.,https://picsum.photos/seed/41/600/400,https://example.com/video41.mp4,Sports
97d7ca80-510e-446c-82eb-96221f533a58,2023-08-09 00:00:00,Sample Article 42,Maqaal Tijaabo 42,مقالة تجريبية 42,This is the English content for article 42.,Tani waa nuxurka Ingiriisiga ee maqaalka 42.,هذا هو المحتوى الإنجليزي للمقالة 42.,https://picsum.photos/seed/42/600/400,https://example.com/video42.mp4,Sports
1b9fb9c7-732c-46f1-bc44-f6ddbb233e5c,2024-05-17 00:00:00,Sample Article 43,Maqaal Tijaabo 43,مقالة تجريبية 43,This is the English content for article 43.,Tani waa nuxurka Ingiriisiga ee maqaalka 43.,هذا هو المحتوى الإنجليزي للمقالة 43.,https://picsum.photos/seed/43/600/400,https://example.com/video43.mp4,Business
99493be2-3135-4bf1-8d66-a89b13f06422,2024-06-06 00:00:00,Sample Article 44,Maqaal Tijaabo 44,مقالة تجريبية 44,This is the English content for article 44.,Tani waa nuxurka Ingiriisiga ee maqaalka 44.,هذا هو المحتوى الإنجليزي للمقالة 44.,https://picsum.photos/seed/44/600/400,https://example.com/video44.mp4,Technology
7cf8ce30-ba4e-4560-9460-dd31e0e3a34b,2023-04-17 00:00:00,Sample Article 45,Maqaal Tijaabo 45,مقالة تجريبية 45,This is the English content for article 45.,Tani waa nuxurka Ingiriisiga ee maqaalka 45.,هذا هو المحتوى الإنجليزي للمقالة 45.,https://picsum.photos/seed/45/600/400,https://example.com/video45.mp4,Health
f1ed3250-46ee-4118-b69e-1ab34187ac45,2023-08-09 00:00:00,Sample Article 46,Maqaal Tijaabo 46,مقالة تجريبية 46,This is the English content for article 46.,Tani waa nuxurka Ingiriisiga ee maqaalka 46.,هذا هو المحتوى الإنجليزي للمقالة 46.,https://picsum.photos/seed/46/600/400,https://example.com/video46.mp4,Sports
d9136ad0-8744-47b8-a685-b05c3a0976ba,2023-10-08 00:00:00,Sample Article 47,Maqaal Tijaabo 47,مقالة تجريبية 47,This is the English content for article 47.,Tani waa nuxurka Ingiriisiga ee maqaalka 47.,هذا هو المحتوى الإنجليزي للمقالة 47.,https://picsum.photos/seed/47/600/400,https://example.com/video47.mp4,Sports
c4bfa0a3-992f-492d-a0b7-d095f364a781,2024-03-31 00:00:00,Sample Article 48,Maqaal Tijaabo 48,مقالة تجريبية 48,This is the English content for article 48.,Tani waa nuxurka Ingiriisiga ee maqaalka 48.,هذا هو المحتوى الإنجليزي للمقالة 48.,https://picsum.photos/seed/48/600/400,https://example.com/video48.mp4,Business
b94ffb00-79da-4066-9107-1d39db350974,2024-01-13 00:00:00,Sample Article 49,Maqaal Tijaabo 49,مقالة تجريبية 49,This is the English content for article 49.,Tani waa nuxurka Ingiriisiga ee maqaalka 49.,هذا هو المحتوى الإنجليزي للمقالة 49.,https://picsum.photos/seed/49/600/400,https://example.com/video49.mp4,Education
3d1ca915-a501-4172-b69f-37f70c080b03,2023-04-01 00:00:00,Sample Article 50,Maqaal Tijaabo 50,مقالة تجريبية 50,This is the English content for article 50.,Tani waa nuxurka Ingiriisiga ee maqaalka 50.,هذا هو المحتوى الإنجليزي للمقالة 50.,https://picsum.photos/seed/50/600/400,https://example.com/video50.mp4,Business
ea0d95e5-4fa2-4f6c-bbf5-ffa3b71accab,2023-07-22 00:00:00,Sample Article 51,Maqaal Tijaabo 51,مقالة تجريبية 51,This is the English content for article 51.,Tani waa nuxurka Ingiriisiga ee maqaalka 51.,هذا هو المحتوى الإنجليزي للمقالة 51.,https://picsum.photos/seed/51/600/400,https://example.com/video51.mp4,Technology
5081896d-9247-4b03-aa10-becbe848fe3a,2023-12-05 00:00:00,Sample Article 52,Maqaal Tijaabo 52,مقالة تجريبية 52,This is the English content for article 52.,Tani waa nuxurka Ingiriisiga ee maqaalka 52.,هذا هو المحتوى الإنجليزي للمقالة 52.,https://picsum.photos/seed/52/600/400,https://example.com/video52.mp4,Sports
5b774f80-5c35-4715-a7bf-9e204849747d,2023-01-08 00:00:00,Sample Article 53,Maqaal Tijaabo 53,مقالة تجريبية 53,This is the English content for article 53.,Tani waa nuxurka Ingiriisiga ee maqaalka 53.,هذا هو المحتوى الإنجليزي للمقالة 53.,https://picsum.photos/seed/53/600/400,https://example.com/video53.mp4,Business
7fe87aea-4851-49bb-99ca-25e3fd3de53f,2024-07-02 00:00:00,Sample Article 54,Maqaal Tijaabo 54,مقالة تجريبية 54,This is the English content for article 54.,Tani waa nuxurka Ingiriisiga ee maqaalka 54.,هذا هو المحتوى الإنجليزي للمقالة 54.,https://picsum.photos/seed/54/600/400,https://example.com/video54.mp4,Business
98e5b348-79d1-422a-9a7b-2a35b21043a9,2023-07-31 00:00:00,Sample Article 55,Maqaal Tijaabo 55,مقالة تجريبية 55,This is the English content for article 55.,Tani waa nuxurka Ingiriisiga ee maqaalka 55.,هذا هو المحتوى الإنجليزي للمقالة 55.,https://picsum.photos/seed/55/600/400,https://example.com/video55.mp4,Sports
80cf0b24-8e2a-4c0a-9897-47c762793c60,2023-04-24 00:00:00,Sample Article 56,Maqaal Tijaabo 56,مقالة تجريبية 56,This is the English content for article 56.,Tani waa nuxurka Ingiriisiga ee maqaalka 56.,هذا هو المحتوى الإنجليزي للمقالة 56.,https://picsum.photos/seed/56/600/400,https://example.com/video56.mp4,News
8a8f5357-3fea-45de-8270-4a989324f5bc,2023-11-17 00:00:00,Sample Article 57,Maqaal Tijaabo 57,مقالة تجريبية 57,This is the English content for article 57.,Tani waa nuxurka Ingiriisiga ee maqaalka 57.,هذا هو المحتوى الإنجليزي للمقالة 57.,https://picsum.photos/seed/57/600/400,https://example.com/video57.mp4,Entertainment
f15dff79-97f6-4ea1-bf5b-b848b3c8cab1,2023-04-06 00:00:00,Sample Article 58,Maqaal Tijaabo 58,مقالة تجريبية 58,This is the English content for article 58.,Tani waa nuxurka Ingiriisiga ee maqaalka 58.,هذا هو المحتوى الإنجليزي للمقالة 58.,https://picsum.photos/seed/58/600/400,https://example.com/video58.mp4,News
6952787b-89a3-4c86-8cf0-63263052d1b8,2023-11-05 00:00:00,Sample Article 59,Maqaal Tijaabo 59,مقالة تجريبية 59,This is the English content for article 59.,Tani waa nuxurka Ingiriisiga ee maqaalka 59.,هذا هو المحتوى الإنجليزي للمقالة 59.,https://picsum.photos/seed/59/600/400,https://example.com/video59.mp4,Technology
907463c6-3d46-4cda-8e05-436c2319698d,2023-04-13 00:00:00,Sample Article 60,Maqaal Tijaabo 60,مقالة تجريبية 60,This is the English content for article 60.,Tani waa nuxurka Ingiriisiga ee maqaalka 60.,هذا هو المحتوى الإنجليزي للمقالة 60.,https://picsum.photos/seed/60/600/400,https://example.com/video60.mp4,Education
8600d88f-6e44-40ea-95a6-6540dd99d83b,2024-05-04 00:00:00,Sample Article 61,Maqaal Tijaabo 61,مقالة تجريبية 61,This is the English content for article 61.,Tani waa nuxurka Ingiriisiga ee maqaalka 61.,هذا هو المحتوى الإنجليزي للمقالة 61.,https://picsum.photos/seed/61/600/400,https://example.com/video61.mp4,Technology
ebf42828-6030-444a-8e1b-f94451d3725f,2023-05-06 00:00:00,Sample Article 62,Maqaal Tijaabo 62,مقالة تجريبية 62,This is the English content for article 62.,Tani waa nuxurka Ingiriisiga ee maqaalka 62.,هذا هو المحتوى الإنجليزي للمقالة 62.,https://picsum.photos/seed/62/600/400,https://example.com/video62.mp4,Sports
89da8948-99b7-4241-82ce-6ab3368b420c,2024-02-21 00:00:00,Sample Article 63,Maqaal Tijaabo 63,مقالة تجريبية 63,This is the English content for article 63.,Tani waa nuxurka Ingiriisiga ee maqaalka 63.,هذا هو المحتوى الإنجليزي للمقالة 63.,https://picsum.photos/seed/63/600/400,https://example.com/video63.mp4,Entertainment
d0225097-51a2-46ad-b7f5-56afc15238fa,2024-06-15 00:00:00,Sample Article 64,Maqaal Tijaabo 64,مقالة تجريبية 64,This is the English content for article 64.,Tani waa nuxurka Ingiriisiga ee maqaalka 64.,هذا هو المحتوى الإنجليزي للمقالة 64.,https://picsum.photos/seed/64/600/400,https://example.com/video64.mp4,News
05f53e69-9d43-484d-85d5-cae133f2a7a7,2023-01-21 00:00:00,Sample Article 65,Maqaal Tijaabo 65,مقالة تجريبية 65,This is the English content for article 65.,Tani waa nuxurka Ingiriisiga ee maqaalka 65.,هذا هو المحتوى الإنجليزي للمقالة 65.,https://picsum.photos/seed/65/600/400,https://example.com/video65.mp4,Health
9f0a1b85-69bc-4ad5-987d-6ba5f462bb5d,2024-02-18 00:00:00,Sample Article 66,Maqaal Tijaabo 66,مقالة تجريبية 66,This is the English content for article 66.,Tani waa nuxurka Ingiriisiga ee maqaalka 66.,هذا هو المحتوى الإنجليزي للمقالة 66.,https://picsum.photos/seed/66/600/400,https://example.com/video66.mp4,Sports
a4f1c0cc-7f8c-4008-80e0-4b03d62db22e,2023-09-06 00:00:00,Sample Article 67,Maqaal Tijaabo 67,مقالة تجريبية 67,This is the English content for article 67.,Tani waa nuxurka Ingiriisiga ee maqaalka 67.,هذا هو المحتوى الإنجليزي للمقالة 67.,https://picsum.photos/seed/67/600/400,https://example.com/video67.mp4,News
26babceb-62e3-4122-b053-f9d4d1860d95,2023-07-24 00:00:00,Sample Article 68,Maqaal Tijaabo 68,مقالة تجريبية 68,This is the English content for article 68.,Tani waa nuxurka Ingiriisiga ee maqaalka 68.,هذا هو المحتوى الإنجليزي للمقالة 68.,https://picsum.photos/seed/68/600/400,https://example.com/video68.mp4,Business
bae37e1e-e0ec-46fa-8f8d-506c42f28e54,2023-06-07 00:00:00,Sample Article 69,Maqaal Tijaabo 69,مقالة تجريبية 69,This is the English content for article 69.,Tani waa nuxurka Ingiriisiga ee maqaalka 69.,هذا هو المحتوى الإنجليزي للمقالة 69.,https://picsum.photos/seed/69/600/400,https://example.com/video69.mp4,News
649f06e0-ca00-4083-b800-1800074641ee,2023-01-14 00:00:00,Sample Article 70,Maqaal Tijaabo 70,مقالة تجريبية 70,This is the English content for article 70.,Tani waa nuxurka Ingiriisiga ee maqaalka 70.,هذا هو المحتوى الإنجليزي للمقالة 70.,https://picsum.photos/seed/70/600/400,https://example.com/video70.mp4,Sports
8a5d2c89-b3f0-4f1e-92be-08e29ded51cf,2023-07-06 00:00:00,Sample Article 71,Maqaal Tijaabo 71,مقالة تجريبية 71,This is the English content for article 71.,Tani waa nuxurka Ingiriisiga ee maqaalka 71.,هذا هو المحتوى الإنجليزي للمقالة 71.,https://picsum.photos/seed/71/600/400,https://example.com/video71.mp4,Education
d95b5466-ff73-4270-a6d5-23a464da006d,2024-02-02 00:00:00,Sample Article 72,Maqaal Tijaabo 72,مقالة تجريبية 72,This is the English content for article 72.,Tani waa nuxurka Ingiriisiga ee maqaalka 72.,هذا هو المحتوى الإنجليزي للمقالة 72.,https://picsum.photos/seed/72/600/400,https://example.com/video72.mp4,Business
1ff1c262-2c8a-4038-9e67-c62530fb7288,2024-01-17 00:00:00,Sample Article 73,Maqaal Tijaabo 73,مقالة تجريبية 73,This is the English content for article 73.,Tani waa nuxurka Ingiriisiga ee maqaalka 73.,هذا هو المحتوى الإنجليزي للمقالة 73.,https://picsum.photos/seed/73/600/400,https://example.com/video73.mp4,Education
bb54b492-40a9-4602-9721-aeb359c43d81,2024-08-01 00:00:00,Sample Article 74,Maqaal Tijaabo 74,مقالة تجريبية 74,This is the English content for article 74.,Tani waa nuxurka Ingiriisiga ee maqaalka 74.,هذا هو المحتوى الإنجليزي للمقالة 74.,https://picsum.photos/seed/74/600/400,https://example.com/video74.mp4,Health
e5ed3c1d-5cd3-4b85-b2ad-224efc978712,2023-03-14 00:00:00,Sample Article 75,Maqaal Tijaabo 75,مقالة تجريبية 75,This is the English content for article 75.,Tani waa nuxurka Ingiriisiga ee maqaalka 75.,هذا هو المحتوى الإنجليزي للمقالة 75.,https://picsum.photos/seed/75/600/400,https://example.com/video75.mp4,Technology
6afc69e8-e4e0-41b4-b104-5b8b337176cf,2024-05-15 00:00:00,Sample Article 76,Maqaal Tijaabo 76,مقالة تجريبية 76,This is the English content for article 76.,Tani waa nuxurka Ingiriisiga ee maqaalka 76.,هذا هو المحتوى الإنجليزي للمقالة 76.,https://picsum.photos/seed/76/600/400,https://example.com/video76.mp4,Technology
b4e4926c-a3b6-4c82-925d-817cc9df4ffc,2023-02-22 00:00:00,Sample Article 77,Maqaal Tijaabo 77,مقالة تجريبية 77,This is the English content for article 77.,Tani waa nuxurka Ingiriisiga ee maqaalka 77.,هذا هو المحتوى الإنجليزي للمقالة 77.,https://picsum.photos/seed/77/600/400,https://example.com/video77.mp4,Entertainment
43106fc2-fa69-4ef0-89c5-eceb4fe041ae,2024-08-19 00:00:00,Sample Article 78,Maqaal Tijaabo 78,مقالة تجريبية 78,This is the English content for article 78.,Tani waa nuxurka Ingiriisiga ee maqaalka 78.,هذا هو المحتوى الإنجليزي للمقالة 78.,https://picsum.photos/seed/78/600/400,https://example.com/video78.mp4,Health
ddeae614-5795-492c-a09b-e3dc2ba2e4c4,2023-10-14 00:00:00,Sample Article 79,Maqaal Tijaabo 79,مقالة تجريبية 79,This is the English content for article 79.,Tani waa nuxurka Ingiriisiga ee maqaalka 79.,هذا هو المحتوى الإنجليزي للمقالة 79.,https://picsum.photos/seed/79/600/400,https://example.com/video79.mp4,Business
55cbe16d-4710-4c13-a123-58201591a94a,2024-04-26 00:00:00,Sample Article 80,Maqaal Tijaabo 80,مقالة تجريبية 80,This is the English content for article 80.,Tani waa nuxurka Ingiriisiga ee maqaalka 80.,هذا هو المحتوى الإنجليزي للمقالة 80.,https://picsum.photos/seed/80/600/400,https://example.com/video80.mp4,Sports
e28dc737-3dc7-4c65-ae9c-8e8f814ec12e,2023-05-24 00:00:00,Sample Article 81,Maqaal Tijaabo 81,مقالة تجريبية 81,This is the English content for article 81.,Tani waa nuxurka Ingiriisiga ee maqaalka 81.,هذا هو المحتوى الإنجليزي للمقالة 81.,https://picsum.photos/seed/81/600/400,https://example.com/video81.mp4,Sports
f29f8aa3-19e2-49a0-9b6d-bce4978d443c,2023-08-26 00:00:00,Sample Article 82,Maqaal Tijaabo 82,مقالة تجريبية 82,This is the English content for article 82.,Tani waa nuxurka Ingiriisiga ee maqaalka 82.,هذا هو المحتوى الإنجليزي للمقالة 82.,https://picsum.photos/seed/82/600/400,https://example.com/video82.mp4,News
e2f43a26-c1ff-4d28-ac76-e76d933c6519,2024-04-05 00:00:00,Sample Article 83,Maqaal Tijaabo 83,مقالة تجريبية 83,This is the English content for article 83.,Tani waa nuxurka Ingiriisiga ee maqaalka 83.,هذا هو المحتوى الإنجليزي للمقالة 83.,https://picsum.photos/seed/83/600/400,https://example.com/video83.mp4,Entertainment
c28b1989-c7d5-401c-9886-3668a962e7af,2024-05-02 00:00:00,Sample Article 84,Maqaal Tijaabo 84,مقالة تجريبية 84,This is the English content for article 84.,Tani waa nuxurka Ingiriisiga ee maqaalka 84.,هذا هو المحتوى الإنجليزي للمقالة 84.,https://picsum.photos/seed/84/600/400,https://example.com/video84.mp4,Entertainment
b172bdcb-1124-429d-9eff-fb856832a218,2023-08-12 00:00:00,Sample Article 85,Maqaal Tijaabo 85,مقالة تجريبية 85,This is the English content for article 85.,Tani waa nuxurka Ingiriisiga ee maqaalka 85.,هذا هو المحتوى الإنجليزي للمقالة 85.,https://picsum.photos/seed/85/600/400,https://example.com/video85.mp4,Entertainment
05516ac9-fe25-4cd1-9b5b-39a24f0a82a6,2024-01-27 00:00:00,Sample Article 86,Maqaal Tijaabo 86,مقالة تجريبية 86,This is the English content for article 86.,Tani waa nuxurka Ingiriisiga ee maqaalka 86.,هذا هو المحتوى الإنجليزي للمقالة 86.,https://picsum.photos/seed/86/600/400,https://example.com/video86.mp4,Business
ce944ec4-6238-4798-8e7e-43901241e069,2024-06-26 00:00:00,Sample Article 87,Maqaal Tijaabo 87,مقالة تجريبية 87,This is the English content for article 87.,Tani waa nuxurka Ingiriisiga ee maqaalka 87.,هذا هو المحتوى الإنجليزي للمقالة 87.,https://picsum.photos/seed/87/600/400,https://example.com/video87.mp4,News
75d0b6d8-434a-4a91-b6fe-10ff08eee4e9,2024-06-12 00:00:00,Sample Article 88,Maqaal Tijaabo 88,مقالة تجريبية 88,This is the English content for article 88.,Tani waa nuxurka Ingiriisiga ee maqaalka 88.,هذا هو المحتوى الإنجليزي للمقالة 88.,https://picsum.photos/seed/88/600/400,https://example.com/video88.mp4,Technology
b8a266f4-25f8-4276-bb88-779938e2a5e4,2023-02-21 00:00:00,Sample Article 89,Maqaal Tijaabo 89,مقالة تجريبية 89,This is the English content for article 89.,Tani waa nuxurka Ingiriisiga ee maqaalka 89.,هذا هو المحتوى الإنجليزي للمقالة 89.,https://picsum.photos/seed/89/600/400,https://example.com/video89.mp4,Sports
5322ce16-4c07-49fa-80d3-0ead3c8da55c,2024-04-15 00:00:00,Sample Article 90,Maqaal Tijaabo 90,مقالة تجريبية 90,This is the English content for article 90.,Tani waa nuxurka Ingiriisiga ee maqaalka 90.,هذا هو المحتوى الإنجليزي للمقالة 90.,https://picsum.photos/seed/90/600/400,https://example.com/video90.mp4,Education
74da98d1-c230-4fcc-a0cd-b9c08713b3c2,2024-04-30 00:00:00,Sample Article 91,Maqaal Tijaabo 91,مقالة تجريبية 91,This is the English content for article 91.,Tani waa nuxurka Ingiriisiga ee maqaalka 91.,هذا هو المحتوى الإنجليزي للمقالة 91.,https://picsum.photos/seed/91/600/400,https://example.com/video91.mp4,Sports
2b77deac-bb2d-4c10-8fb5-3e3616444d55,2024-01-01 00:00:00,Sample Article 92,Maqaal Tijaabo 92,مقالة تجريبية 92,This is the English content for article 92.,Tani waa nuxurka Ingiriisiga ee maqaalka 92.,هذا هو المحتوى الإنجليزي للمقالة 92.,https://picsum.photos/seed/92/600/400,https://example.com/video92.mp4,Education
99724067-3688-47e0-ab79-d73501a9f1fb,2024-05-09 00:00:00,Sample Article 93,Maqaal Tijaabo 93,مقالة تجريبية 93,This is the English content for article 93.,Tani waa nuxurka Ingiriisiga ee maqaalka 93.,هذا هو المحتوى الإنجليزي للمقالة 93.,https://picsum.photos/seed/93/600/400,https://example.com/video93.mp4,Health
9130feb6-7e03-4157-abff-6372581fe537,2024-08-17 00:00:00,Sample Article 94,Maqaal Tijaabo 94,مقالة تجريبية 94,This is the English content for article 94.,Tani waa nuxurka Ingiriisiga ee maqaalka 94.,هذا هو المحتوى الإنجليزي للمقالة 94.,https://picsum.photos/seed/94/600/400,https://example.com/video94.mp4,News
eef9880e-69da-45e6-9a87-b0319f1f89aa,2023-03-19 00:00:00,Sample Article 95,Maqaal Tijaabo 95,مقالة تجريبية 95,This is the English content for article 95.,Tani waa nuxurka Ingiriisiga ee maqaalka 95.,هذا هو المحتوى الإنجليزي للمقالة 95.,https://picsum.photos/seed/95/600/400,https://example.com/video95.mp4,Sports
985c4463-0ebb-4f1c-a2ee-60814847afbc,2023-07-02 00:00:00,Sample Article 96,Maqaal Tijaabo 96,مقالة تجريبية 96,This is the English content for article 96.,Tani waa nuxurka Ingiriisiga ee maqaalka 96.,هذا هو المحتوى الإنجليزي للمقالة 96.,https://picsum.photos/seed/96/600/400,https://example.com/video96.mp4,Health
2037d165-2aea-4e72-b387-06e339e8f08b,2023-03-20 00:00:00,Sample Article 97,Maqaal Tijaabo 97,مقالة تجريبية 97,This is the English content for article 97.,Tani waa nuxurka Ingiriisiga ee maqaalka 97.,هذا هو المحتوى الإنجليزي للمقالة 97.,https://picsum.photos/seed/97/600/400,https://example.com/video97.mp4,Technology
5c3e39a9-2371-48a7-891f-2726595d2c99,2024-06-15 00:00:00,Sample Article 98,Maqaal Tijaabo 98,مقالة تجريبية 98,This is the English content for article 98.,Tani waa nuxurka Ingiriisiga ee maqaalka 98.,هذا هو المحتوى الإنجليزي للمقالة 98.,https://picsum.photos/seed/98/600/400,https://example.com/video98.mp4,News
0b3780c6-4ad7-422c-8db3-9daf56e27f44,2023-12-24 00:00:00,Sample Article 99,Maqaal Tijaabo 99,مقالة تجريبية 99,This is the English content for article 99.,Tani waa nuxurka Ingiriisiga ee maqaalka 99.,هذا هو المحتوى الإنجليزي للمقالة 99.,https://picsum.photos/seed/99/600/400,https://example.com/video99.mp4,Technology
05352497-2a52-4c95-8314-99de1241bfec,2024-04-23 00:00:00,Sample Article 100,Maqaal Tijaabo 100,مقالة تجريبية 100,This is the English content for article 100.,Tani waa nuxurka Ingiriisiga ee maqaalka 100.,هذا هو المحتوى الإنجليزي للمقالة 100.,https://picsum.photos/seed/100/600/400,https://example.com/video100.mp4,Education
